"name","speed","id","is_blocked"
"1","75","1","0"
"2","80","2","0"
"4","90","4","0"
"5","80","5","0"
"6","100","6","0"
"7","80","7","0"
"8","80","8","0"
"9","80","9","0"
"10","80","10","0"
"11","100","11","0"
"13","75","13","0"
"14","75","14","0"
"15","80","15","0"
"16","80","16","0"
"17","100","17","0"
"19","120","19","0"
"cp","100","20","0"
"fs","100","21","0"
"yz","80","22","0"
"bja","110","23","0"
"yf","80","24","0"
"s1","100","25","0"
"xj","70","26","0"
"dxa","160","27","0"
"t1","80","28","0"
"dx","90","29","0"
"bt","75","30","0"
